{
  "controller/Main.controller.js": 1611777628389,
  "i18n/i18n.properties": 1611552550803,
  "model/models.js": 1611552550803,
  "manifest.json": 1612350897141,
  "Component.js": 1611552550799,
  "manifest-bundle.zip": 1612350896894,
  "Component-preload.js": 1612350897112,
  "controller/Main-dbg.controller.js": 1611777628389,
  "model/models-dbg.js": 1611552550803,
  "Component-dbg.js": 1611552550799,
  "resources.json": 1612350897145,
  "view/Main.view.xml": 1611777628389,
  "css/style.css": 1611552550803,
  "index.html": 1611775212465
}